program_name,tesda_qualification_code,program_cost_php,tuition_benchmark_php,source_reference
Computer Systems Servicing NC II,ELCCSSNC2,48254,41605,TESDA TWSP 2026 funding cap (per TESDA Circular No. 015 s. 2026)
Programming (Java) NC III,ICTPRJNC3M,34800,30000,TESDA TWSP 2026 funding cap (per TESDA Circular No. 015 s. 2026)
Web Development NC III,ICTWBDNC3,66125,47398,TESDA TWSP 2026 funding cap (per TESDA Circular No. 015 s. 2026)
Animation NC II,ICTANMNC2M,49065,35545,TESDA TWSP 2026 funding cap (per TESDA Circular No. 015 s. 2026)
Visual Graphic Design NC III,ICTVGDNC3M,34479,28712,TESDA TWSP 2026 funding cap (per TESDA Circular No. 015 s. 2026)
Telecom OSP Installation (Fiber Optic Cable) NC II,ICTTFONC2,31249,27385,TESDA TWSP 2026 funding cap (per TESDA Circular No. 015 s. 2026)
Caregiving NC II,HHCCGVNC2S,40792,23687,TESDA TWSP 2026 funding cap (per TESDA Circular No. 015 s. 2026)
Health Care Services NC II,HHCHCSNC2,58608,37730,TESDA TWSP 2026 funding cap (per TESDA Circular No. 015 s. 2026)
Massage Therapy NC II,HHCMATNC2,29435,14541,TESDA TWSP 2026 funding cap (per TESDA Circular No. 015 s. 2026)
Pharmacy Services NC III,HHCPHANC3,37517,19614,TESDA TWSP 2026 funding cap (per TESDA Circular No. 015 s. 2026)
Barangay Health Services NC II,HHCBHSNC2,26491,16276,TESDA TWSP 2026 funding cap (per TESDA Circular No. 015 s. 2026)
Carpentry NC II,CONCARNC2M,28263,20644,TESDA TWSP 2026 funding cap (per TESDA Circular No. 015 s. 2026)
Masonry NC II,CONMASNC2M,24374,19159,TESDA TWSP 2026 funding cap (per TESDA Circular No. 015 s. 2026)
Plumbing NC II,CONPLMNC2,19624,13576,TESDA TWSP 2026 funding cap (per TESDA Circular No. 015 s. 2026)
Electrical Installation and Maintenance NC II,ELCEIMNC2,12404,6555,TESDA TWSP 2026 funding cap (per TESDA Circular No. 015 s. 2026)
Shielded Metal Arc Welding (SMAW) NC II,MEEEAWNC2S,26111,17974,TESDA TWSP 2026 funding cap (per TESDA Circular No. 015 s. 2026)
Automotive Servicing NC I,ALTATSNC1M,25255,14674,TESDA TWSP 2026 funding cap (per TESDA Circular No. 015 s. 2026)
Motorcycle/Small Engine Servicing NC II,ALTMSENC2,38097,23486,TESDA TWSP 2026 funding cap (per TESDA Circular No. 015 s. 2026)
Driving NC II,ALTDRVNC2-A,8884,5450,TESDA TWSP 2026 funding cap (per TESDA Circular No. 015 s. 2026)
RAC Servicing (DomRAC) NC II,HVCDRANC2M,22564,15682,TESDA TWSP 2026 funding cap (per TESDA Circular No. 015 s. 2026)
Cookery NC II,TRSCOKNC2,28622,20315,TESDA TWSP 2026 funding cap (per TESDA Circular No. 015 s. 2026)
Bread and Pastry Production NC II (Superseded),TRSBPPNC2S,21568,16968,TESDA TWSP 2026 funding cap (per TESDA Circular No. 015 s. 2026)
Food and Beverage Services NC II,TRSFBSNC2,23792,15710,TESDA TWSP 2026 funding cap (per TESDA Circular No. 015 s. 2026)
Housekeeping NC II,TRSHSKNC2,25704,15796,TESDA TWSP 2026 funding cap (per TESDA Circular No. 015 s. 2026)
Bookkeeping NC III,SOCBKPNC3,15955,9195,TESDA TWSP 2026 funding cap (per TESDA Circular No. 015 s. 2026)
Contact Center Services NC II,ICTCCSNC2,9049,6169,TESDA TWSP 2026 funding cap (per TESDA Circular No. 015 s. 2026)
Events Management Services NC III,TRSEVMNC3M,19496,16191,TESDA TWSP 2026 funding cap (per TESDA Circular No. 015 s. 2026)
Organic Agriculture Production NC II,AFFOAPNC2-E,29010,23391,TESDA TWSP 2026 funding cap (per TESDA Circular No. 015 s. 2026)
Agricultural Crops Production NC II,AFFACPNC2,23105,15390,TESDA TWSP 2026 funding cap (per TESDA Circular No. 015 s. 2026)
Aquaculture NC II (Superseded),AFFAQCNC2S,52397,26447,TESDA TWSP 2026 funding cap (per TESDA Circular No. 015 s. 2026)